timestamp,status
2025-06-01 00:00:00,51
2025-06-01 00:15:00,92
2025-06-01 00:30:00,14
2025-06-01 00:45:00,71
2025-06-01 01:00:00,60
2025-06-01 01:15:00,20
2025-06-01 01:30:00,82
2025-06-01 01:45:00,86
2025-06-01 02:00:00,74
2025-06-01 02:15:00,74
2025-06-01 02:30:00,87
2025-06-01 02:45:00,99
2025-06-01 03:00:00,23
2025-06-01 03:15:00,2
2025-06-01 03:30:00,21
2025-06-01 03:45:00,52
2025-06-01 04:00:00,1
2025-06-01 04:15:00,87
2025-06-01 04:30:00,29
2025-06-01 04:45:00,37
2025-06-01 05:00:00,1
2025-06-01 05:15:00,63
2025-06-01 05:30:00,59
2025-06-01 05:45:00,20
2025-06-01 06:00:00,32
2025-06-01 06:15:00,75
2025-06-01 06:30:00,57
2025-06-01 06:45:00,21
2025-06-01 07:00:00,88
2025-06-01 07:15:00,48
2025-06-01 07:30:00,90
2025-06-01 07:45:00,58
2025-06-01 08:00:00,41
2025-06-01 08:15:00,91
2025-06-01 08:30:00,59
2025-06-01 08:45:00,79
2025-06-01 09:00:00,14
2025-06-01 09:15:00,61
2025-06-01 09:30:00,61
2025-06-01 09:45:00,46
2025-06-01 10:00:00,61
2025-06-01 10:15:00,50
2025-06-01 10:30:00,54
2025-06-01 10:45:00,63
2025-06-01 11:00:00,2
2025-06-01 11:15:00,50
2025-06-01 11:30:00,6
2025-06-01 11:45:00,20
2025-06-01 12:00:00,72
2025-06-01 12:15:00,38
2025-06-01 12:30:00,17
2025-06-01 12:45:00,3
2025-06-01 13:00:00,88
2025-06-01 13:15:00,59
2025-06-01 13:30:00,13
2025-06-01 13:45:00,8
2025-06-01 14:00:00,89
2025-06-01 14:15:00,52
2025-06-01 14:30:00,1
2025-06-01 14:45:00,83
2025-06-01 15:00:00,91
2025-06-01 15:15:00,59
2025-06-01 15:30:00,70
2025-06-01 15:45:00,43
2025-06-01 16:00:00,7
2025-06-01 16:15:00,46
2025-06-01 16:30:00,34
2025-06-01 16:45:00,77
2025-06-01 17:00:00,80
2025-06-01 17:15:00,35
2025-06-01 17:30:00,49
2025-06-01 17:45:00,3
2025-06-01 18:00:00,1
2025-06-01 18:15:00,5
2025-06-01 18:30:00,53
2025-06-01 18:45:00,3
2025-06-01 19:00:00,53
2025-06-01 19:15:00,92
2025-06-01 19:30:00,62
2025-06-01 19:45:00,17
2025-06-01 20:00:00,89
2025-06-01 20:15:00,43
2025-06-01 20:30:00,33
2025-06-01 20:45:00,73
2025-06-01 21:00:00,61
2025-06-01 21:15:00,99
2025-06-01 21:30:00,13
2025-06-01 21:45:00,94
2025-06-01 22:00:00,47
2025-06-01 22:15:00,14
2025-06-01 22:30:00,71
2025-06-01 22:45:00,77
2025-06-01 23:00:00,86
2025-06-01 23:15:00,61
2025-06-01 23:30:00,39
2025-06-01 23:45:00,84
2025-06-02 00:00:00,79
2025-06-02 00:15:00,81
2025-06-02 00:30:00,52
2025-06-02 00:45:00,23
2025-06-02 01:00:00,25
2025-06-02 01:15:00,88
2025-06-02 01:30:00,59
2025-06-02 01:45:00,40
2025-06-02 02:00:00,28
2025-06-02 02:15:00,14
2025-06-02 02:30:00,44
2025-06-02 02:45:00,64
2025-06-02 03:00:00,88
2025-06-02 03:15:00,70
2025-06-02 03:30:00,8
2025-06-02 03:45:00,87
2025-06-02 04:00:00,0
2025-06-02 04:15:00,7
2025-06-02 04:30:00,87
2025-06-02 04:45:00,62
2025-06-02 05:00:00,10
2025-06-02 05:15:00,80
2025-06-02 05:30:00,7
2025-06-02 05:45:00,34
2025-06-02 06:00:00,34
2025-06-02 06:15:00,32
2025-06-02 06:30:00,4
2025-06-02 06:45:00,40
2025-06-02 07:00:00,27
2025-06-02 07:15:00,6
2025-06-02 07:30:00,72
2025-06-02 07:45:00,71
2025-06-02 08:00:00,11
2025-06-02 08:15:00,33
2025-06-02 08:30:00,32
2025-06-02 08:45:00,47
2025-06-02 09:00:00,22
2025-06-02 09:15:00,61
2025-06-02 09:30:00,87
2025-06-02 09:45:00,36
2025-06-02 10:00:00,98
2025-06-02 10:15:00,43
2025-06-02 10:30:00,85
2025-06-02 10:45:00,90
2025-06-02 11:00:00,34
2025-06-02 11:15:00,64
2025-06-02 11:30:00,98
2025-06-02 11:45:00,46
2025-06-02 12:00:00,77
2025-06-02 12:15:00,2
2025-06-02 12:30:00,0
2025-06-02 12:45:00,4
2025-06-02 13:00:00,89
2025-06-02 13:15:00,13
2025-06-02 13:30:00,26
2025-06-02 13:45:00,8
2025-06-02 14:00:00,78
2025-06-02 14:15:00,14
2025-06-02 14:30:00,89
2025-06-02 14:45:00,41
2025-06-02 15:00:00,76
2025-06-02 15:15:00,50
2025-06-02 15:30:00,62
2025-06-02 15:45:00,95
2025-06-02 16:00:00,51
2025-06-02 16:15:00,95
2025-06-02 16:30:00,3
2025-06-02 16:45:00,93
2025-06-02 17:00:00,22
2025-06-02 17:15:00,14
2025-06-02 17:30:00,42
2025-06-02 17:45:00,28
2025-06-02 18:00:00,35
2025-06-02 18:15:00,12
2025-06-02 18:30:00,31
2025-06-02 18:45:00,70
2025-06-02 19:00:00,58
2025-06-02 19:15:00,85
2025-06-02 19:30:00,27
2025-06-02 19:45:00,65
2025-06-02 20:00:00,41
2025-06-02 20:15:00,44
2025-06-02 20:30:00,61
2025-06-02 20:45:00,56
2025-06-02 21:00:00,5
2025-06-02 21:15:00,27
2025-06-02 21:30:00,27
2025-06-02 21:45:00,43
2025-06-02 22:00:00,83
2025-06-02 22:15:00,29
2025-06-02 22:30:00,61
2025-06-02 22:45:00,74
2025-06-02 23:00:00,91
2025-06-02 23:15:00,88
2025-06-02 23:30:00,61
2025-06-02 23:45:00,96
2025-06-03 00:00:00,0
2025-06-03 00:15:00,26
2025-06-03 00:30:00,61
2025-06-03 00:45:00,76
2025-06-03 01:00:00,2
2025-06-03 01:15:00,69
2025-06-03 01:30:00,71
2025-06-03 01:45:00,26
